title,link
https://www.fortiguard.com/encyclopedia/ips/53624,Qlik.Sense.HTTP.Tunneling.Vulnerability
https://www.fortiguard.com/encyclopedia/ips/52230,Diameter.Incorrect.Message.Length
https://www.fortiguard.com/encyclopedia/ips/52232,Diameter.Incorrect.Reserved.Bits
https://www.fortiguard.com/encyclopedia/ips/52229,Diameter.Invalid.Version
https://www.fortiguard.com/encyclopedia/ips/52233,Diameter.Message.Command.Overlong
https://www.fortiguard.com/encyclopedia/ips/52231,Diameter.Request.Message.Error.Flag.Set
https://www.fortiguard.com/encyclopedia/ips/52234,Diameter.Response.Message.No.Matching.Request.Found
https://www.fortiguard.com/encyclopedia/ips/52228,Diameter.Unrecognized.Header
https://www.fortiguard.com/encyclopedia/ips/52410,SSL.Null.Ciphers.Negotiation
https://www.fortiguard.com/encyclopedia/ips/51721,Siemens.SINEMA.Remote.Connect.Reflected.XSS
https://www.fortiguard.com/encyclopedia/ips/50540,MSRP.Max.Message.Size.Exceeded
https://www.fortiguard.com/encyclopedia/ips/49752,LDAP.Kerberos.SPN.Query
https://www.fortiguard.com/encyclopedia/ips/48953,Kinetica.Admin.getLogs.Function.Remote.OS.Command.Execution
https://www.fortiguard.com/encyclopedia/ips/48387,D-Link.DIR866L.HtmlResponseMessage.XSS
https://www.fortiguard.com/encyclopedia/ips/48246,HTML.Code.Obfuscators
https://www.fortiguard.com/encyclopedia/ips/43544,SSL.Anonymous.Ciphers.Negotiation
https://www.fortiguard.com/encyclopedia/ips/53,Test.Update.Integer.Overflow
https://www.fortiguard.com/encyclopedia/ips/39122,HTTP.Chunk.Length.Invalid
https://www.fortiguard.com/encyclopedia/ips/38397,Obfuscated.PDF.Access
https://www.fortiguard.com/encyclopedia/ips/37578,NTP.Zero.Transmit.Timestamp
https://www.fortiguard.com/encyclopedia/ips/37576,NTP.Unknown.Stratum
https://www.fortiguard.com/encyclopedia/ips/35640,TCP.Inconsistent.Retransmission
https://www.fortiguard.com/encyclopedia/ips/29511,TCP.Overlapping.Fragments
https://www.fortiguard.com/encyclopedia/ips/29844,Eicar.Virus.Test.File
https://www.fortiguard.com/encyclopedia/ips/17677,TCP.Out.Of.Range.Timestamp
https://www.fortiguard.com/encyclopedia/ips/15306,Public.Tags
https://www.fortiguard.com/encyclopedia/ips/15282,DNP3.Function.Code.Scan
https://www.fortiguard.com/encyclopedia/ips/15281,DNP3.Points.List.Scan
https://www.fortiguard.com/encyclopedia/ips/15291,Modbus.TCP.Function.Code.Scan
https://www.fortiguard.com/encyclopedia/ips/15287,Modbus.TCP.Points.List.Scan
https://www.fortiguard.com/encyclopedia/ips/13883,VoIP.SIP.Semicolon.Separated.Params
https://www.fortiguard.com/encyclopedia/ips/13544,NBSS.Invalid.PDU.Size
https://www.fortiguard.com/encyclopedia/ips/110034947,NBSS.Invalid.PDU.Size
https://www.fortiguard.com/encyclopedia/ips/8912897,DNS.Invalid.Label.Length
https://www.fortiguard.com/encyclopedia/ips/12765,DNS.Invalid.Label.Length
https://www.fortiguard.com/encyclopedia/ips/12316,DNS.Invalid.OPcode
https://www.fortiguard.com/encyclopedia/ips/8912906,DNS.Invalid.OPcode
https://www.fortiguard.com/encyclopedia/ips/8912907,DNS.Unexpected.Qclass
https://www.fortiguard.com/encyclopedia/ips/12428,DNS.Unexpected.Qclass
https://www.fortiguard.com/encyclopedia/ips/12374,DNS.Unknown.Type
https://www.fortiguard.com/encyclopedia/ips/8912905,DNS.Unknown.Type
https://www.fortiguard.com/encyclopedia/ips/12686,FTP.Login.Failed
https://www.fortiguard.com/encyclopedia/ips/109445125,FTP.Login.Failed
https://www.fortiguard.com/encyclopedia/ips/109445131,FTP.Syntax.Error
https://www.fortiguard.com/encyclopedia/ips/13017,FTP.Syntax.Error
https://www.fortiguard.com/encyclopedia/ips/294518786,H323.IE.Syntax.Error
https://www.fortiguard.com/encyclopedia/ips/12711,H323.IE.Syntax.Error
https://www.fortiguard.com/encyclopedia/ips/294518785,H323.Message.Overflow
https://www.fortiguard.com/encyclopedia/ips/12251,H323.Message.Overflow
https://www.fortiguard.com/encyclopedia/ips/294518787,H323.UUIE.Syntax.Error
https://www.fortiguard.com/encyclopedia/ips/13026,H323.UUIE.Syntax.Error
https://www.fortiguard.com/encyclopedia/ips/107347974,HTTP.Overly.Long.URI
https://www.fortiguard.com/encyclopedia/ips/12693,HTTP.Overly.Long.URI
https://www.fortiguard.com/encyclopedia/ips/24903681,ICMP.Invalid.Packet.Size
https://www.fortiguard.com/encyclopedia/ips/12281,ICMP.Invalid.Packet.Size
https://www.fortiguard.com/encyclopedia/ips/12865,IMAP.Command.Overflow
https://www.fortiguard.com/encyclopedia/ips/109379590,IMAP.Command.Overflow
https://www.fortiguard.com/encyclopedia/ips/109379585,IMAP.Invalid.State
https://www.fortiguard.com/encyclopedia/ips/12672,IMAP.Invalid.State
https://www.fortiguard.com/encyclopedia/ips/12229,IMAP.Login.Failed
https://www.fortiguard.com/encyclopedia/ips/109379589,IMAP.Login.Failed
https://www.fortiguard.com/encyclopedia/ips/12805,IP.Loose.Src.Record.Route.Option
https://www.fortiguard.com/encyclopedia/ips/7929858,IPv4.Invalid.Datagram.Size
https://www.fortiguard.com/encyclopedia/ips/13071,IPv4.Invalid.Datagram.Size
https://www.fortiguard.com/encyclopedia/ips/109838343,LDAP.Delete.Empty.BaseDN
https://www.fortiguard.com/encyclopedia/ips/12841,LDAP.Delete.Empty.BaseDN
https://www.fortiguard.com/encyclopedia/ips/109838341,LDAP.Empty.Attribute
https://www.fortiguard.com/encyclopedia/ips/12701,LDAP.Empty.Attribute
https://www.fortiguard.com/encyclopedia/ips/109838338,LDAP.Invalid.Message.Header
https://www.fortiguard.com/encyclopedia/ips/13122,LDAP.Invalid.Message.Header
https://www.fortiguard.com/encyclopedia/ips/12838,LDAP.Invalid.Version
https://www.fortiguard.com/encyclopedia/ips/109838337,LDAP.Invalid.Version
https://www.fortiguard.com/encyclopedia/ips/109772806,MS.SQL.Empty.Packet
https://www.fortiguard.com/encyclopedia/ips/13045,MS.SQL.Empty.Packet
https://www.fortiguard.com/encyclopedia/ips/109772810,MS.SQL.Server.Unknown.Packet.Type
https://www.fortiguard.com/encyclopedia/ips/12149,MS.SQL.Server.Unknown.Packet.Type
https://www.fortiguard.com/encyclopedia/ips/109248519,POP3.Invalid.Message.Number
https://www.fortiguard.com/encyclopedia/ips/13015,POP3.Invalid.Message.Number
https://www.fortiguard.com/encyclopedia/ips/109248518,POP3.Login.Failed
https://www.fortiguard.com/encyclopedia/ips/12371,POP3.Login.Failed
https://www.fortiguard.com/encyclopedia/ips/12427,POP3.Syntax.Error
https://www.fortiguard.com/encyclopedia/ips/109248515,POP3.Syntax.Error
https://www.fortiguard.com/encyclopedia/ips/12280,POP3.Unknown.Reply
https://www.fortiguard.com/encyclopedia/ips/109248517,POP3.Unknown.Reply
https://www.fortiguard.com/encyclopedia/ips/12419,RADIUS.Invalid.Attribute
https://www.fortiguard.com/encyclopedia/ips/294584325,RADIUS.Invalid.Attribute
https://www.fortiguard.com/encyclopedia/ips/294584326,RADIUS.Malformed.Packet
https://www.fortiguard.com/encyclopedia/ips/12404,RADIUS.Malformed.Packet
https://www.fortiguard.com/encyclopedia/ips/107610113,RPC.Fragment.Traffic
https://www.fortiguard.com/encyclopedia/ips/12852,RPC.Fragment.Traffic
https://www.fortiguard.com/encyclopedia/ips/109314055,SMTP.Line.Overflow
https://www.fortiguard.com/encyclopedia/ips/12787,SMTP.Line.Overflow
https://www.fortiguard.com/encyclopedia/ips/12610,SMTP.Syntax.Error
https://www.fortiguard.com/encyclopedia/ips/109314051,SMTP.Syntax.Error
https://www.fortiguard.com/encyclopedia/ips/12285,SMTP.Unknown.Reply
https://www.fortiguard.com/encyclopedia/ips/109314053,SMTP.Unknown.Reply
https://www.fortiguard.com/encyclopedia/ips/13114,SNMP.Invalid.ID
https://www.fortiguard.com/encyclopedia/ips/294191111,SNMP.Invalid.ID
https://www.fortiguard.com/encyclopedia/ips/12629,SNMP.Invalid.Version
https://www.fortiguard.com/encyclopedia/ips/294191110,SNMP.Invalid.Version
https://www.fortiguard.com/encyclopedia/ips/107937793,TCP.Bad.Flags
https://www.fortiguard.com/encyclopedia/ips/12145,TCP.Bad.Flags
https://www.fortiguard.com/encyclopedia/ips/12495,TCP.Invalid.Packet.Size
https://www.fortiguard.com/encyclopedia/ips/108658689,TCP.Invalid.Packet.Size
https://www.fortiguard.com/encyclopedia/ips/12859,invalid_code
https://www.fortiguard.com/encyclopedia/ips/294584322,invalid_code
https://www.fortiguard.com/encyclopedia/ips/12578,multiple_record
https://www.fortiguard.com/encyclopedia/ips/107610114,multiple_record
https://www.fortiguard.com/encyclopedia/ips/12695,reply_too_long
https://www.fortiguard.com/encyclopedia/ips/109314057,reply_too_long
https://www.fortiguard.com/encyclopedia/ips/12937,undersize_msg
https://www.fortiguard.com/encyclopedia/ips/8912903,undersize_msg
https://www.fortiguard.com/encyclopedia/ips/8912904,unknown_class
https://www.fortiguard.com/encyclopedia/ips/12551,unknown_class
https://www.fortiguard.com/encyclopedia/ips/12230,unknown_msg
https://www.fortiguard.com/encyclopedia/ips/109838340,unknown_msg
https://www.fortiguard.com/encyclopedia/ips/109772809,unknown_sql_version
https://www.fortiguard.com/encyclopedia/ips/12541,unknown_sql_version
https://www.fortiguard.com/encyclopedia/ips/13131,TFTP.Request.EXE.File
https://www.fortiguard.com/encyclopedia/ips/11509,DNP3.Broadcast.Request.Authorized.Client
https://www.fortiguard.com/encyclopedia/ips/11516,ICCP.COTP.Disconnect.Address.Unknown.Request
https://www.fortiguard.com/encyclopedia/ips/11519,ICCP.Invalid.OSI.PSEL.Abort.PDU
https://www.fortiguard.com/encyclopedia/ips/11521,Modbus.TCP.Force.Listen.Only
https://www.fortiguard.com/encyclopedia/ips/11534,Modbus.TCP.Invalid.Packet.Length
https://www.fortiguard.com/encyclopedia/ips/11522,Modbus.TCP.Restart.Communications.Option
https://www.fortiguard.com/encyclopedia/ips/52663,CIP.Scanner
https://www.fortiguard.com/encyclopedia/ips/52587,FG-VD-22-110_Sierra.0day
https://www.fortiguard.com/encyclopedia/ips/52597,Suspicious.Javascript.Obfuscation.Packer
https://www.fortiguard.com/encyclopedia/ips/52549,IP.Protocol.Scan
https://www.fortiguard.com/encyclopedia/ips/51948,dotCMS.Portal.Multiple.XSS
https://www.fortiguard.com/encyclopedia/ips/51706,Arctic.Wolf.Scanner
https://www.fortiguard.com/encyclopedia/ips/51391,DNS.PTR.Records.Scan
https://www.fortiguard.com/encyclopedia/ips/51017,Adobe.Illustrator.CVE-2022-23198.Null.Pointer.Dereference
https://www.fortiguard.com/encyclopedia/ips/51016,Adobe.Illustrator.CVE-2022-23199.NULL.Pointer.Dereference
https://www.fortiguard.com/encyclopedia/ips/50899,Censys.io.Scanner
https://www.fortiguard.com/encyclopedia/ips/50889,Cisco.WebEx.Out.of.Bound.Read
https://www.fortiguard.com/encyclopedia/ips/49987,Assetnote.Scanner
https://www.fortiguard.com/encyclopedia/ips/49436,Apple.Safari.WebKit.WebCore.AudioArray.Information.Disclosure
https://www.fortiguard.com/encyclopedia/ips/49399,Ethernet.IP.Device.Scanner
https://www.fortiguard.com/encyclopedia/ips/49385,ISF.S7-1200.S7-1500.S7comm.Plus.Scanner
https://www.fortiguard.com/encyclopedia/ips/49386,ISF.S7-300.S7-400.S7comm.Scanner
https://www.fortiguard.com/encyclopedia/ips/49300,Magento.Login.Brute.Force
https://www.fortiguard.com/encyclopedia/ips/48951,Suspicious.PHP.URI.Location
https://www.fortiguard.com/encyclopedia/ips/48922,Nuclei.Vulnerability.Scanner
https://www.fortiguard.com/encyclopedia/ips/48934,HTTP.Suspicious.Headers.With.Special.Characters
https://www.fortiguard.com/encyclopedia/ips/48914,PostgreSQL.Login.Brute.Force
https://www.fortiguard.com/encyclopedia/ips/48809,MSSQL.BruteForce.Login
https://www.fortiguard.com/encyclopedia/ips/48818,ffuf.Web.Fuzzer
https://www.fortiguard.com/encyclopedia/ips/48805,ZGrab.Scanner
https://www.fortiguard.com/encyclopedia/ips/48756,pplsip.SIP.Scanner
https://www.fortiguard.com/encyclopedia/ips/48642,DFind.Vulnerability.Scanner
https://www.fortiguard.com/encyclopedia/ips/48463,Generic.DNS.Tunnel.Detection.Variant.A
https://www.fortiguard.com/encyclopedia/ips/47702,FG-VD-19-040_Plex.Web.Client.0day
https://www.fortiguard.com/encyclopedia/ips/48459,Sweetscape.010.Editor.ReadWLine.Memory.Corruption
https://www.fortiguard.com/encyclopedia/ips/48370,Dnscat2.DNS.Tunnel
https://www.fortiguard.com/encyclopedia/ips/48409,WSDirectory.UDP.Amplification.Detection
https://www.fortiguard.com/encyclopedia/ips/48313,Atlassian.Jira.Server.Dashboard.Config.Information.Disclosure
https://www.fortiguard.com/encyclopedia/ips/48145,Joomla!.Component.Barter.Sites.Authenticated.XSS
https://www.fortiguard.com/encyclopedia/ips/47997,LANDesk.Management.Agent.Local.DoS
https://www.fortiguard.com/encyclopedia/ips/47971,Nessus.Scanner
https://www.fortiguard.com/encyclopedia/ips/47697,ThunderDNS.Tunnel
https://www.fortiguard.com/encyclopedia/ips/47693,Oracle.Java.jnlp.Arbitrary.File.Deletion
https://www.fortiguard.com/encyclopedia/ips/47571,Emby.Media.Server.DevicesOptions.CustomName.XSS
https://www.fortiguard.com/encyclopedia/ips/47584,ReGeorg.HTTP.Tunnel
https://www.fortiguard.com/encyclopedia/ips/47580,ReDuh.HTTP.Tunnel
https://www.fortiguard.com/encyclopedia/ips/47558,Netsparker.Web.Scanner
https://www.fortiguard.com/encyclopedia/ips/47446,WPScan.WordPress.Vulnerability.Scanner
https://www.fortiguard.com/encyclopedia/ips/47361,Jexboss.Toolkit.Request
https://www.fortiguard.com/encyclopedia/ips/47315,Broadcom.UPnP.Stack.SetConnectionType.Function.Format.String
https://www.fortiguard.com/encyclopedia/ips/47181,IBM.WebSphere.MQ.Login.User.ID.Brute.Force.Check
https://www.fortiguard.com/encyclopedia/ips/47299,Erlang.Port.Mapper.Daemon.Cookie.Remote.Code.Execution
https://www.fortiguard.com/encyclopedia/ips/47173,UPnP.SSDP.M.Search.Anomaly
https://www.fortiguard.com/encyclopedia/ips/47123,MS.RPC.UTC.DoS
https://www.fortiguard.com/encyclopedia/ips/47046,Magecart.E-Commerce.JS.Sniffer
https://www.fortiguard.com/encyclopedia/ips/46965,DET.Data.Exfiltration
https://www.fortiguard.com/encyclopedia/ips/46831,MS.Windows.DeviceGuard.Security.Feature.Bypass
https://www.fortiguard.com/encyclopedia/ips/46492,GoLismero.Web.Scanner
https://www.fortiguard.com/encyclopedia/ips/46474,w3af.Web.Scanner
https://www.fortiguard.com/encyclopedia/ips/46286,FG-VD-18-107_0day
https://www.fortiguard.com/encyclopedia/ips/46154,NETGEAR.Orbi.GuestPortal.XSS
https://www.fortiguard.com/encyclopedia/ips/45938,Cisco.Smart.Install.Feature.Enable.Scanner
https://www.fortiguard.com/encyclopedia/ips/45762,Samba.Printer.Server.spoolss.Denial.Of.Service
https://www.fortiguard.com/encyclopedia/ips/45660,Qualys.Vulnerability.Scanner
https://www.fortiguard.com/encyclopedia/ips/45661,WhiteHat.Security.Vulnerability.Scanner
https://www.fortiguard.com/encyclopedia/ips/45360,Nmap.Script.Scanner
https://www.fortiguard.com/encyclopedia/ips/44780,Nikto.Web.Scanner
https://www.fortiguard.com/encyclopedia/ips/44781,OpenVAS.Web.Scanner
https://www.fortiguard.com/encyclopedia/ips/44847,MS.Browser.CVE-2017-11791.Memory.Corruption
https://www.fortiguard.com/encyclopedia/ips/44778,Masscan.Scanner
https://www.fortiguard.com/encyclopedia/ips/44678,Common.Gateway.Interface.common.cgi.Access
https://www.fortiguard.com/encyclopedia/ips/44578,MS.Windows.Graphics.Component.Information.Disclosure
https://www.fortiguard.com/encyclopedia/ips/44535,FG-VD-17-164_OpenCart.0day
https://www.fortiguard.com/encyclopedia/ips/44308,Jorgee.Web.Scanner
https://www.fortiguard.com/encyclopedia/ips/44135,Wind.River.VxWorks.WDB.Debug.Service.Version.Number.Scanner
https://www.fortiguard.com/encyclopedia/ips/44065,Fireball.Adware
https://www.fortiguard.com/encyclopedia/ips/43895,Adobe.Reader.JPEG.2000.JP2Header.Parsing.Information.Disclosure
https://www.fortiguard.com/encyclopedia/ips/43896,Adobe.Reader.JPEG.2000.Malformed.Stream.Information.Disclosure
https://www.fortiguard.com/encyclopedia/ips/43915,Adobe.Reader.JPEG.File.Handling.Information.Disclosure
https://www.fortiguard.com/encyclopedia/ips/43900,Adobe.Reader.PDF.JPEG.Component.Sizes.Information.Disclosure
https://www.fortiguard.com/encyclopedia/ips/43902,Adobe.Reader.PDF.JPEG.Inconsistent.Tile.Memory.Corruption
https://www.fortiguard.com/encyclopedia/ips/43894,Adobe.Reader.Weblink.Malformed.URI.Information.Disclosure
https://www.fortiguard.com/encyclopedia/ips/43917,Adobe.Reader.XSLT.Element.Handling.Information.Disclosure
https://www.fortiguard.com/encyclopedia/ips/43870,MS.Windows.GDI.Out.Of.Bounds.Read.Information.Disclosure
https://www.fortiguard.com/encyclopedia/ips/43814,Port.Scanning
https://www.fortiguard.com/encyclopedia/ips/43823,Malicious.Obfuscated.PDF.File.Access
https://www.fortiguard.com/encyclopedia/ips/43734,Foxit.PDF.Reader.JBIG2.Symbol.Dictionary.Information.Disclosure
https://www.fortiguard.com/encyclopedia/ips/43721,MongoDB.Unauthenticated.Remote.Database.Access
https://www.fortiguard.com/encyclopedia/ips/43670,MS.Windows.Media.Player.Information.Disclosure
https://www.fortiguard.com/encyclopedia/ips/43530,MS.Windows.Kernel.Cursor.Object.Local.Information.Disclosure
https://www.fortiguard.com/encyclopedia/ips/43399,HTTP.Headers.End.With.LFCRCRLF
https://www.fortiguard.com/encyclopedia/ips/43388,MS.Browser.Print.Preview.Information.Disclosure
https://www.fortiguard.com/encyclopedia/ips/43383,MS.Edge.WebKitDirecory.Read.Local.File.Information.Disclosure
https://www.fortiguard.com/encyclopedia/ips/43376,MS.Windows.GetDIBits.BITMAPINFOHEADER.Information.Disclosure
https://www.fortiguard.com/encyclopedia/ips/42924,MS.Edge.AnchorElement.Information.Disclosure
https://www.fortiguard.com/encyclopedia/ips/42916,MS.Edge.wininet.dll.Sub.Component.Information.Disclosure
https://www.fortiguard.com/encyclopedia/ips/42857,IBM.WebSphere.AS.SIP.Processing.DoS
https://www.fortiguard.com/encyclopedia/ips/42814,MS.IE.File.Name.Information.Disclosure
https://www.fortiguard.com/encyclopedia/ips/42703,MS.IE.Reader.Mode.Html.Injection
https://www.fortiguard.com/encyclopedia/ips/42718,JspSpy.Web.Shell
https://www.fortiguard.com/encyclopedia/ips/42701,MS.IE.Hyperlink.Content.Spoofing
https://www.fortiguard.com/encyclopedia/ips/42705,MS.Windows.Kernel.PlgBlt.Privilege.Escalation
https://www.fortiguard.com/encyclopedia/ips/42657,BREACH.HTTPS.Compression.Information.Disclosure
https://www.fortiguard.com/encyclopedia/ips/42556,ImageMagick.Image.ephemeral.Pseudo.Protocol.File.Access
https://www.fortiguard.com/encyclopedia/ips/42528,MS.ASP.NET.ValidateRequest.XSS
https://www.fortiguard.com/encyclopedia/ips/42378,MS.Win32KFull.Sys.Information.Disclosure
https://www.fortiguard.com/encyclopedia/ips/42011,Audacity.FORMATCHUNK.Memory.Corruption
https://www.fortiguard.com/encyclopedia/ips/41656,D-Link.DSL-2730B.Multiple.XSS
https://www.fortiguard.com/encyclopedia/ips/41454,TYPO3.CMS.SanitizeLocalUrl.XSS
https://www.fortiguard.com/encyclopedia/ips/41395,ManageEngine.ServiceDesk.File.Upload.Directory.Traversal
https://www.fortiguard.com/encyclopedia/ips/41259,Adobe.Reader.exclGroup.element.Handling.DoS
https://www.fortiguard.com/encyclopedia/ips/40674,SIPVicious.SIP.Scanner
https://www.fortiguard.com/encyclopedia/ips/40582,Muieblackcat.Scanner
https://www.fortiguard.com/encyclopedia/ips/40651,TLS.DH.Downgrade.Cipher.Temp.Key.Security.Bypass
https://www.fortiguard.com/encyclopedia/ips/40467,SIP.Unknown.Content.Type
https://www.fortiguard.com/encyclopedia/ips/40429,OpenSSL.DHE.Client.Key.Exchange.DoS
https://www.fortiguard.com/encyclopedia/ips/40428,SIP.Proxy-Require.and.Require
https://www.fortiguard.com/encyclopedia/ips/39770,DirBuster.Web.Server.Scanner
https://www.fortiguard.com/encyclopedia/ips/39768,Havij.Advanced.SQL.Injection.Scanner
https://www.fortiguard.com/encyclopedia/ips/39769,Acunetix.Web.Vulnerability.Scanner
https://www.fortiguard.com/encyclopedia/ips/39794,Adobe.Acrobat.and.Reader.Triangle.Object.Memory.Corruption
https://www.fortiguard.com/encyclopedia/ips/39787,Adobe.Reader.Bitmap.Data.Memory.Corruption
https://www.fortiguard.com/encyclopedia/ips/39777,Adobe.Reader.Embedded.Font.Parsing.Memory.Corruption
https://www.fortiguard.com/encyclopedia/ips/39780,Adobe.Reader.Image.Decoding.Memory.Corruption
https://www.fortiguard.com/encyclopedia/ips/39782,Adobe.Reader.Image.Thumbnails.Memory.Corruption
https://www.fortiguard.com/encyclopedia/ips/38939,Samba.nmbd.sys.recvfrom.Infinite.Loop.DoS
https://www.fortiguard.com/encyclopedia/ips/38909,Symantec.Web.Gateway.Multiple.PHP.Pages.XSS
https://www.fortiguard.com/encyclopedia/ips/17713,MS.Windows.TCP.Timestamp.Remote.Code.Execution
https://www.fortiguard.com/encyclopedia/ips/38072,DNS.Fast.Flux
https://www.fortiguard.com/encyclopedia/ips/37748,D-Link.IP.Camera.Luminance.Information.Disclosure
https://www.fortiguard.com/encyclopedia/ips/37503,Adobe.Reader.Loop.Reference.DoS
https://www.fortiguard.com/encyclopedia/ips/37049,MS.NET.Framework.JSON.Parsing.DoS
https://www.fortiguard.com/encyclopedia/ips/36253,MS.Windows.NAT.Helper.DNS.Query.LAN.DoS
https://www.fortiguard.com/encyclopedia/ips/19512,Juniper.JunOS.Malformed.TCP.Option
https://www.fortiguard.com/encyclopedia/ips/35015,Morfeus.Vulnerability.Scanner
https://www.fortiguard.com/encyclopedia/ips/34909,MS.OneNote.Buffer.Size.Validation.Information.Disclosure
https://www.fortiguard.com/encyclopedia/ips/33784,Apache.Server-Status.Info.Leak
https://www.fortiguard.com/encyclopedia/ips/32360,Metasploit.JavaScript.Encryption.Packer
https://www.fortiguard.com/encyclopedia/ips/33057,eZ.Publish.ezjscore.Module.XSS
https://www.fortiguard.com/encyclopedia/ips/32988,WordPress.Wp.ImageZoom.file.Parameter.File.Disclosure
https://www.fortiguard.com/encyclopedia/ips/32784,DNS.Amplification.Detection
https://www.fortiguard.com/encyclopedia/ips/32924,Home.FTP.Server.MKD.Command.Directory.Traversal
https://www.fortiguard.com/encyclopedia/ips/32877,IBM.WebSphere.MQ.File.Transfer.Edition.Web.Gateway.CSRF
https://www.fortiguard.com/encyclopedia/ips/32832,Plixer.Scrutinizer.Default.MySQL.Credential.Login
https://www.fortiguard.com/encyclopedia/ips/32726,Oracle.Outside.In.Technology.Outside.In.Filter.Buffer.Overflow
https://www.fortiguard.com/encyclopedia/ips/32366,Apache.Encoded.Backslash.Directory.Traversal
https://www.fortiguard.com/encyclopedia/ips/32566,Apple.iOS5.Safari.URL.Bar.Spoofing
https://www.fortiguard.com/encyclopedia/ips/32481,Fakeftpclient.Attack
https://www.fortiguard.com/encyclopedia/ips/32087,Netmechanica.NetDecision.Dashboard.Information.Disclosure
https://www.fortiguard.com/encyclopedia/ips/32090,Netmechanica.NetDecision.Traffic.Grapher.Information.Disclosure
https://www.fortiguard.com/encyclopedia/ips/32230,MS.IE.Null.Byte.Handling.Information.Disclosure
https://www.fortiguard.com/encyclopedia/ips/31695,GNU.Mailman.Attachment.Scrubber.Filename.UTF-8.DoS
https://www.fortiguard.com/encyclopedia/ips/31609,Netopia.ADSL.Information.Gathering
https://www.fortiguard.com/encyclopedia/ips/31643,RealNetworks.Helix.Server.SNMP.TCP.Connection.DoS
https://www.fortiguard.com/encyclopedia/ips/31506,Canvas.Ftpd.Scan
https://www.fortiguard.com/encyclopedia/ips/31312,Apache.MyFaces.Javax.Faces.Resource.File.Disclosure
https://www.fortiguard.com/encyclopedia/ips/31166,Adobe.ColdFusion.7.Path.Information.Disclosure
https://www.fortiguard.com/encyclopedia/ips/31049,Apache.httpd.mod_log_config.Cookie.Handling.DoS
https://www.fortiguard.com/encyclopedia/ips/31025,Nero.MediaHome.NMMediaServer.EXE.Remote.DoS
https://www.fortiguard.com/encyclopedia/ips/31028,eScan.Corporate.Edition.FTP.Server.Arbitrary.File.Download
https://www.fortiguard.com/encyclopedia/ips/30803,Atvise.WebMI2ADS.Web.Server.Multiple.Vulnerabilities
https://www.fortiguard.com/encyclopedia/ips/30890,CyberLink.PowerDVD.CLMServer.HTTP.Request.Parsing.DoS
https://www.fortiguard.com/encyclopedia/ips/30892,Novell.Sentinel.Log.Manager.filename.Directory.Traversal
https://www.fortiguard.com/encyclopedia/ips/30814,Soda.PDF.Professional.PDF.WWF.File.Parsing.Remote.DoS
https://www.fortiguard.com/encyclopedia/ips/29521,DNS.BailiWicked.Domain.Attack
https://www.fortiguard.com/encyclopedia/ips/29510,FTP.Bounce.Port.Scan
https://www.fortiguard.com/encyclopedia/ips/30474,MS.IE.WMF.CreateBrushIndirect.DoS
https://www.fortiguard.com/encyclopedia/ips/30018,SIP.Register.With.Contact.Header.Param
https://www.fortiguard.com/encyclopedia/ips/30460,MS.IE.J2SE.Applet.Exception.Remote.DoS
https://www.fortiguard.com/encyclopedia/ips/30356,MS.IIS.IDQ.Path.Disclosure
https://www.fortiguard.com/encyclopedia/ips/30358,MS.IIS.URL.Redirect.Request.DoS
https://www.fortiguard.com/encyclopedia/ips/29988,SIP.Extraneous.Header.Field.Separators
https://www.fortiguard.com/encyclopedia/ips/30016,SIP.Max.Forwards.Zero
https://www.fortiguard.com/encyclopedia/ips/30117,SIP.Missing.Header.Field
https://www.fortiguard.com/encyclopedia/ips/30011,SIP.Multiple.Spaces.Separating.Request.Line.Elements
https://www.fortiguard.com/encyclopedia/ips/30029,SIP.Unknown.Or.Atypical.Request.URI.Scheme
https://www.fortiguard.com/encyclopedia/ips/30024,ZmEu.Vulnerability.Scanner
https://www.fortiguard.com/encyclopedia/ips/29951,SIP.Failure.Enclose.Name.Address.URI
https://www.fortiguard.com/encyclopedia/ips/29980,SIP.No.Tokens.In.From.Display
https://www.fortiguard.com/encyclopedia/ips/29979,SIP.No.Tokens.In.Contact.Display
https://www.fortiguard.com/encyclopedia/ips/29981,SIP.No.Tokens.In.To.Display
https://www.fortiguard.com/encyclopedia/ips/29999,SIP.Overlarge.Scalar.Values
https://www.fortiguard.com/encyclopedia/ips/29982,SIP.Unknown.Protocol.Version
https://www.fortiguard.com/encyclopedia/ips/30187,TFTP.Request.NC.EXE.File
https://www.fortiguard.com/encyclopedia/ips/30116,CHETCPASSWD.Shadow.File.Disclosure
https://www.fortiguard.com/encyclopedia/ips/29885,Modernbill.Config.Remote.File.Inclusion
https://www.fortiguard.com/encyclopedia/ips/30019,SIP.Register.Unknown.Url.Parameter
https://www.fortiguard.com/encyclopedia/ips/30020,SIP.Register.With.Url.Escaped.Header
https://www.fortiguard.com/encyclopedia/ips/29308,Oracle.TNS.Listener.SID.Brute.Force
https://www.fortiguard.com/encyclopedia/ips/29996,SIP.Invalid.Content.Length
https://www.fortiguard.com/encyclopedia/ips/29918,BlueZone.Desktop.File.Processing.Multiple.DoS
https://www.fortiguard.com/encyclopedia/ips/29908,Invisionix.Roaming.System.PageHeaderDefault.File.Inclusion
https://www.fortiguard.com/encyclopedia/ips/29959,Sunway.ForceControl.NetServer.Information.Disclosure
https://www.fortiguard.com/encyclopedia/ips/29883,ME.Download.System.Header.Remote.File.Inclusion
https://www.fortiguard.com/encyclopedia/ips/29884,MF.Piadas.Admin.Remote.File.Inclusion
https://www.fortiguard.com/encyclopedia/ips/29886,MyNewsGroups.Layersmenu.INC.Remote.File.Inclusion
https://www.fortiguard.com/encyclopedia/ips/30006,SIP.Angle.Bracket.Request.URI
https://www.fortiguard.com/encyclopedia/ips/29984,SIP.CSeq.Method.Mismatch
https://www.fortiguard.com/encyclopedia/ips/29946,SIP.Escaped.Headers
https://www.fortiguard.com/encyclopedia/ips/29948,SIP.Invalid.Timezone
https://www.fortiguard.com/encyclopedia/ips/30013,SIP.Missing.Transaction.Identifier
https://www.fortiguard.com/encyclopedia/ips/30035,SIP.Multiple.Content.Length
https://www.fortiguard.com/encyclopedia/ips/30034,SIP.Multiple.Single.Value.Required.Header.Field
https://www.fortiguard.com/encyclopedia/ips/29986,SIP.Overlarge.Response.Code
https://www.fortiguard.com/encyclopedia/ips/30002,SIP.Response.Overlarge.Scalar.Values
https://www.fortiguard.com/encyclopedia/ips/29944,SIP.SP.Characters.At.End.Of.Request.Line
https://www.fortiguard.com/encyclopedia/ips/29970,SIP.Spaces.In.Contact.URI
https://www.fortiguard.com/encyclopedia/ips/30010,SIP.URI.Embedded.LWS.Malformed.Request
https://www.fortiguard.com/encyclopedia/ips/30021,SIP.Unacceptable.Accept.Offering
https://www.fortiguard.com/encyclopedia/ips/30030,SIP.Unknown.Header.URI.Scheme
https://www.fortiguard.com/encyclopedia/ips/30005,SIP.Unterminated.Quoted.Display.String
https://www.fortiguard.com/encyclopedia/ips/27587,AyeView.GIF.Image.Handling.DoS
https://www.fortiguard.com/encyclopedia/ips/27460,Multiple.Products.Unspecified.Library.MP4.File.Remote.DoS
https://www.fortiguard.com/encyclopedia/ips/27390,Ruby.REXML.Remote.DoS
https://www.fortiguard.com/encyclopedia/ips/27468,Total.Video.Player.TVP.Tag.Handling.Remote.Buffer.Overflow
https://www.fortiguard.com/encyclopedia/ips/27598,Vba32.Personal.Antivirus.DoS
https://www.fortiguard.com/encyclopedia/ips/27396,ZoneAlarm.HTTP.Proxy.Remote.DoS
https://www.fortiguard.com/encyclopedia/ips/29976,Oracle9i.AS.Web.Cache.DoS
https://www.fortiguard.com/encyclopedia/ips/29529,MS.Windows.MHTML.URI.Buffer.Overflow
https://www.fortiguard.com/encyclopedia/ips/29612,Mambo.Gallery.Manager.Remote.File.Inclusion
https://www.fortiguard.com/encyclopedia/ips/29509,SAP.BusinessObjects.Axis2.Default.Admin.Password
https://www.fortiguard.com/encyclopedia/ips/29264,CVS.Sensitive.File.Access
https://www.fortiguard.com/encyclopedia/ips/29263,SVN.Sensitive.File.Access
https://www.fortiguard.com/encyclopedia/ips/29349,Dnsmasq.TFTP.Service.Request.Null.Point.DoS
https://www.fortiguard.com/encyclopedia/ips/29286,F.Secure.Gadget.Resource.ActiveX.Handler.Buffer.Overflow
https://www.fortiguard.com/encyclopedia/ips/29295,MapServer.Map.File.Parsing.Double.Free.DoS
https://www.fortiguard.com/encyclopedia/ips/29343,SmallFTPD.FTP.Server.Connection.Saturation.DoS
https://www.fortiguard.com/encyclopedia/ips/29289,StudioLine.Photo.Basic.NMSDVDXU.dll.ActiveX.File.Overwrite
https://www.fortiguard.com/encyclopedia/ips/29291,WordPress.WP.E.Commerce.Plugin.cart.message.XSS
https://www.fortiguard.com/encyclopedia/ips/29178,Acritum.Femitter.Server.HTTP.Request.Remote.File.Disclosure
https://www.fortiguard.com/encyclopedia/ips/28956,TFTP.Server.TFTPDWIN.Long.Message.DoS
https://www.fortiguard.com/encyclopedia/ips/27364,MicroWorld.Technologies.MailScan.Information.Disclosure
https://www.fortiguard.com/encyclopedia/ips/29089,Apple.QuickTime.crgn.Atom.Stack.Exhaustion.DoS
https://www.fortiguard.com/encyclopedia/ips/29083,Apple.Safari.Feed.URI.Input.Validation.XSS
https://www.fortiguard.com/encyclopedia/ips/29096,BadBlue.Invalid.Browse.Parameter.Information.Disclosure
https://www.fortiguard.com/encyclopedia/ips/28970,Epic.Games.Unreal.Engine.Logging.Function.DoS
https://www.fortiguard.com/encyclopedia/ips/29046,Mozilla.Firefox.Large.GIF.File.Background.DoS
https://www.fortiguard.com/encyclopedia/ips/28990,Opera.Browser.Address.Bar.URI.Spoofing
https://www.fortiguard.com/encyclopedia/ips/28925,SIP.Invite.Spoofing
https://www.fortiguard.com/encyclopedia/ips/28927,SIP.Thomson.SpeedTouch.2030.Remote.DoS
https://www.fortiguard.com/encyclopedia/ips/28945,SIP.WengoPhone.Soft.Phone.Malformed.Packet.DoS
https://www.fortiguard.com/encyclopedia/ips/28905,Mozilla.Firefox.About.Blank.Spoof
https://www.fortiguard.com/encyclopedia/ips/28941,NetProxy.Security.Restriction.Bypass
https://www.fortiguard.com/encyclopedia/ips/28916,TYPSoft.FTP.Server.APPE.and.DELE.Commands.DoS
https://www.fortiguard.com/encyclopedia/ips/28830,Chilkat.Crypt.ActiveX.SaveDecrypted.Insecure.Method.Access
https://www.fortiguard.com/encyclopedia/ips/28834,Sybase.Adaptive.Server.Format.String
https://www.fortiguard.com/encyclopedia/ips/28832,Sybase.Advantage.Server.ADS.Process.Off.By.One.Buffer.Overflow
https://www.fortiguard.com/encyclopedia/ips/28750,HTTP.Request.Format.String
https://www.fortiguard.com/encyclopedia/ips/28157,FTP.Command.Directory.Traversal
https://www.fortiguard.com/encyclopedia/ips/27589,HyperStop.WebHost.Directory.Database.Disclosure
https://www.fortiguard.com/encyclopedia/ips/27019,FTP.MKD.Command.Directory.Traversal
https://www.fortiguard.com/encyclopedia/ips/28555,Foxit.Reader.Malformed.PDF.File.DoS
https://www.fortiguard.com/encyclopedia/ips/27594,MS.Outlook.Web.Access.Redir.ASP.URI.Redirection
https://www.fortiguard.com/encyclopedia/ips/27303,UltraPlayer.Malformed.usk.Playlist.File.Buffer.Overflow
https://www.fortiguard.com/encyclopedia/ips/27560,NaviCOPA.Source.Code.Information.Disclosure
https://www.fortiguard.com/encyclopedia/ips/27127,Cherokee.Web.Server.Malformed.Packet.DoS
https://www.fortiguard.com/encyclopedia/ips/27599,AOL.Picture.Editor.YGPPicEdit.ActiveX.Control.Buffer.Overflow
https://www.fortiguard.com/encyclopedia/ips/27612,Firefly.Media.Server.Multiple.Null.Pointer.Dereference
https://www.fortiguard.com/encyclopedia/ips/27591,Nokia.Web.Browser.S60.Infinite.Array.Sort.DoS
https://www.fortiguard.com/encyclopedia/ips/27595,NoticeWare.Email.Server.NG.PASS.Command.Remote.DoS
https://www.fortiguard.com/encyclopedia/ips/27592,Skype.Toolbar.Extension.Clipboard.Security.Weakness
https://www.fortiguard.com/encyclopedia/ips/27428,COMTREND.Routers.Information.Disclosure
https://www.fortiguard.com/encyclopedia/ips/27448,MS.DebugDiag.CrashHangExt.dll.ActiveX.Control.Remote.DoS
https://www.fortiguard.com/encyclopedia/ips/27358,MediaMonkey.URI.Handling.pcast.DoS
https://www.fortiguard.com/encyclopedia/ips/27462,Psi.Malformed.Packet.Remote.DoS
https://www.fortiguard.com/encyclopedia/ips/27381,Python.Pylocale.Strxfrm.Remote.Information.Leak
https://www.fortiguard.com/encyclopedia/ips/27467,Siemens.Multiple.Gigaset.VoIP.Phones.SIP.Remote.DoS
https://www.fortiguard.com/encyclopedia/ips/27437,SonicWall.Content.Filtering.Universal.Script.Injection
https://www.fortiguard.com/encyclopedia/ips/27400,A-Link.WL54AP3.And.WL54AP2.goform.CSRF
https://www.fortiguard.com/encyclopedia/ips/27331,AWStats.awstats.PL.URL.Handling.XSS
https://www.fortiguard.com/encyclopedia/ips/27316,Apache.Tomcat.Non.HTTP.Request.DoS
https://www.fortiguard.com/encyclopedia/ips/27338,Facebook.Newsroom.Application.Remote.File.Inclusion
https://www.fortiguard.com/encyclopedia/ips/27354,Google.Chrome.Escape.CC.Remote.DoS
https://www.fortiguard.com/encyclopedia/ips/27353,Google.Chrome.Malformed.View.Source.Header.DoS
https://www.fortiguard.com/encyclopedia/ips/27421,Google.Chrome.Pop.Up.Address.Bar.URI.Spoofing
https://www.fortiguard.com/encyclopedia/ips/27355,HydraIRC.Irc.URI.Remote.DoS
https://www.fortiguard.com/encyclopedia/ips/27413,SolarWinds.TFTP.Server.Option.Acknowledgement.Request.DoS
https://www.fortiguard.com/encyclopedia/ips/27301,Telnet-Ftp.Server.Remote.DoS
https://www.fortiguard.com/encyclopedia/ips/27226,WebMod.Scripts.Source.Code.Disclosure
https://www.fortiguard.com/encyclopedia/ips/27233,Black.Ice.Barcode.SDK.Multiple.Vulnerabilities
https://www.fortiguard.com/encyclopedia/ips/27204,MS.IE.XDR.Prototype.Hijacking.DoS
https://www.fortiguard.com/encyclopedia/ips/27192,MS.Zune.Arbitrary.File.Overwrite
https://www.fortiguard.com/encyclopedia/ips/27202,Watchfire.Appscan.Insecure.Method
https://www.fortiguard.com/encyclopedia/ips/27092,Cisco.Application.Control.Engine.HTTP.Parsing.Security.Weakness
https://www.fortiguard.com/encyclopedia/ips/26838,Httpdx.PNG.File.DoS
https://www.fortiguard.com/encyclopedia/ips/27020,eyeOS.Information.Disclosure
https://www.fortiguard.com/encyclopedia/ips/26979,Air.Contacts.Lite.HTTP.Packet.DoS
https://www.fortiguard.com/encyclopedia/ips/27031,Media.Player.Classic.AVI.File.DoS
https://www.fortiguard.com/encyclopedia/ips/26015,Alt-N.WebAdmin.Information.Disclosure
https://www.fortiguard.com/encyclopedia/ips/26074,Apple.QuickTime.Pictureviewer.JP2.DoS
https://www.fortiguard.com/encyclopedia/ips/26682,Digium.Asterisk.Recording.Interface.XSS
https://www.fortiguard.com/encyclopedia/ips/27227,HTTP.Referer.Header.XSS
https://www.fortiguard.com/encyclopedia/ips/26878,IBM.BladeCenter.Advanced.Management.Module.Info.Disclosure
https://www.fortiguard.com/encyclopedia/ips/26580,Sun.Java.Web.Server.Jsp.Source.Disclosure
https://www.fortiguard.com/encyclopedia/ips/26802,EffectMatrix.Total.Video.Player.Wav.File.DoS
https://www.fortiguard.com/encyclopedia/ips/27171,Navicopa.Web.Server.Source.Information.Disclosure
https://www.fortiguard.com/encyclopedia/ips/26840,Apple.Safari.Background.Attribute.DoS
https://www.fortiguard.com/encyclopedia/ips/26837,Orb.Networks.MP3.File.DoS
https://www.fortiguard.com/encyclopedia/ips/26762,Agile.Joomla.Components.Parameter.Local.File.Inclusion
https://www.fortiguard.com/encyclopedia/ips/26947,Check.Point.Multiple.Products.Information.Disclosure
https://www.fortiguard.com/encyclopedia/ips/26858,IBM.BladeCenter.Advanced.Management.Module.CSRF
https://www.fortiguard.com/encyclopedia/ips/26883,Mozilla.Firefox.view-source.Scheme.Information.Disclosure
https://www.fortiguard.com/encyclopedia/ips/26270,QuickShare.Directory.Traversal
https://www.fortiguard.com/encyclopedia/ips/26608,Techland.Chrome.Engine.4.DoS
https://www.fortiguard.com/encyclopedia/ips/26783,Mozilla.Firefox.Address.Bar.Spoofing
https://www.fortiguard.com/encyclopedia/ips/26276,Sun.Java.Applet2ClassLoader.Code.Execution
https://www.fortiguard.com/encyclopedia/ips/26062,MS.IE.Popup.Window.Address.Bar.Spoofing
https://www.fortiguard.com/encyclopedia/ips/26047,Wireshark.CLDAP.Dissector.DoS
https://www.fortiguard.com/encyclopedia/ips/26475,Apache.Tomcat.Servlet.Path.Disclosure
https://www.fortiguard.com/encyclopedia/ips/26375,MS.Exchange.OWA.Cross.Site.Forgery
https://www.fortiguard.com/encyclopedia/ips/26317,Comodo.Fraudulent.Certificate
https://www.fortiguard.com/encyclopedia/ips/26031,JS.LOIC.DoS
https://www.fortiguard.com/encyclopedia/ips/24827,SMTP.Login.Brute.Force
https://www.fortiguard.com/encyclopedia/ips/17220,Apache.Tomcat.Web.Application.Manager.Default.Account
https://www.fortiguard.com/encyclopedia/ips/24654,Oracle.Java.docBase.Parameter.Overflow
https://www.fortiguard.com/encyclopedia/ips/24042,MS.IE.Event.Handler.Cross.Domain.Information.Disclosure
https://www.fortiguard.com/encyclopedia/ips/23753,TCP.With.FIN.Flag.Only
https://www.fortiguard.com/encyclopedia/ips/23447,Titan.FTP.XCRC.Directory.Traversal.Information.Disclosure
https://www.fortiguard.com/encyclopedia/ips/23135,GNU.Mailman.Scrubber.UTF-8.Filename.DoS
https://www.fortiguard.com/encyclopedia/ips/23259,SolarWinds.TFTP.Server.Malicious.Read.Request.DoS
https://www.fortiguard.com/encyclopedia/ips/23258,MS.IE.Sysmon.DoS
https://www.fortiguard.com/encyclopedia/ips/23080,Asterisk.Skinny.Channel.Driver.Remote.DoS
https://www.fortiguard.com/encyclopedia/ips/23092,Nokia.N95.Jpeg.File.Crash
https://www.fortiguard.com/encyclopedia/ips/21050,Oracle.Login.Brute.Force
https://www.fortiguard.com/encyclopedia/ips/20949,HTTP.Authentication.Brute.Force
https://www.fortiguard.com/encyclopedia/ips/17908,MS.IIS.UNC.Mapped.Virtual.Host.Information.Disclosure
https://www.fortiguard.com/encyclopedia/ips/20061,Mozilla.Firefox.designMode.Null.Pointer.Dereference.DoS
https://www.fortiguard.com/encyclopedia/ips/17366,Apache.mod_perl.Status.XSS
https://www.fortiguard.com/encyclopedia/ips/18158,FTP.Command.STOR.Rhosts
https://www.fortiguard.com/encyclopedia/ips/18204,MS.SMB.Server.Privilege.Elevation
https://www.fortiguard.com/encyclopedia/ips/17556,HTTP.Request.Referer.Overly.Long
https://www.fortiguard.com/encyclopedia/ips/17826,Adobe.Trust.Manager.Restrictions.Bypass
https://www.fortiguard.com/encyclopedia/ips/17757,Cisco.WebEx.Player.atas32.DLL.DoS
https://www.fortiguard.com/encyclopedia/ips/17751,Cisco.WebEx.Player.atrpui.DoS
https://www.fortiguard.com/encyclopedia/ips/13917,MS.IE.Keystroke.Events.Handling.Arbitrary.File.Upload
https://www.fortiguard.com/encyclopedia/ips/17481,Apache.Tomcat.Jsecurity.Check.Information.Disclosure
https://www.fortiguard.com/encyclopedia/ips/17714,MS.Windows.TCP.Window.Size.Zero.DoS
https://www.fortiguard.com/encyclopedia/ips/17562,Snort.TCP.SACK.Option.DoS
https://www.fortiguard.com/encyclopedia/ips/17537,HTML.Hidden.Iframe
https://www.fortiguard.com/encyclopedia/ips/17296,TYPO3.BodyTag.URI.XSS
https://www.fortiguard.com/encyclopedia/ips/17221,Apache.Tomcat.Administration.Tool.Default.Account
https://www.fortiguard.com/encyclopedia/ips/17213,Titan.FTP.Server.Site.Who.DoS
https://www.fortiguard.com/encyclopedia/ips/17112,GuildFTPd.Heap.Corruption
https://www.fortiguard.com/encyclopedia/ips/17111,VictoryFTP.LIST.DoS
https://www.fortiguard.com/encyclopedia/ips/16894,Avahi.UDP.Source.Port.Zero.DoS
https://www.fortiguard.com/encyclopedia/ips/15979,Dxmsoft.XM.Easy.Personal.FTP.Server.NSLT.DoS
https://www.fortiguard.com/encyclopedia/ips/15978,Cisco.IOS.Get.Request.DoS
https://www.fortiguard.com/encyclopedia/ips/15938,MS.IE.Topmost.Document.Return.Information.Disclosure
https://www.fortiguard.com/encyclopedia/ips/15855,Sina.DLoader.DownloadAndInstall.Method.ActiveX.Access
https://www.fortiguard.com/encyclopedia/ips/15854,UUSee.UUUpgrade.Update.Method.ActiveX.Control.Access
https://www.fortiguard.com/encyclopedia/ips/15822,MS.Windows.Media.Encoder.WMEX.DLL.Buffer.Overflow
https://www.fortiguard.com/encyclopedia/ips/14806,IBM.Lotus.Domino.Web.Access.Message.Handling.DoS
https://www.fortiguard.com/encyclopedia/ips/15687,HTTP.Multiple.Connection.Headers.DoS
https://www.fortiguard.com/encyclopedia/ips/15651,ASUS.Remote.Console.Dpcproxy.Buffer.Overflow
https://www.fortiguard.com/encyclopedia/ips/15520,Apple.QuickTime.chan.Atom.Parsing.Heap.Corruption
https://www.fortiguard.com/encyclopedia/ips/15509,RealNetworks.RealPlayer.rmoc3260.ActiveX.Code.Execution
https://www.fortiguard.com/encyclopedia/ips/15453,MS.IE.Mhtmlfile.Object.DoS
https://www.fortiguard.com/encyclopedia/ips/15152,MS.IIS.Web.Server.Folder.Traversal.Evasion
https://www.fortiguard.com/encyclopedia/ips/15019,NetCat.Exec.Mode.Client.Request.Buffer.Overflow
https://www.fortiguard.com/encyclopedia/ips/14998,MS.ISA.Server.Socks4.Proxy.Connection.Information.Disclosure
https://www.fortiguard.com/encyclopedia/ips/14946,Flip.Previewtheme.PHP.File.Inclusion
https://www.fortiguard.com/encyclopedia/ips/14947,FrontAccounting.Config.PHP.File.Inclusion
https://www.fortiguard.com/encyclopedia/ips/14950,NcasterCMS.Archive.PHP.File.Inclusion
https://www.fortiguard.com/encyclopedia/ips/14955,PHPNews.Change_Action.PHP.File.Inclusion
https://www.fortiguard.com/encyclopedia/ips/14953,Php.Blue.Dragon.Activecontent.PHP.File.Inclusion
https://www.fortiguard.com/encyclopedia/ips/14941,Novell.Netware.Client.Print.Stack.Buffer.Overflow
https://www.fortiguard.com/encyclopedia/ips/14880,MS.IE.Position.Relative.DoS
https://www.fortiguard.com/encyclopedia/ips/14854,Dagger.Cal.Func.PHP.File.Inclusion
https://www.fortiguard.com/encyclopedia/ips/14856,PhpConcept.Library.Parameter.g_pcltar_lib_dir.File.Inclusion
https://www.fortiguard.com/encyclopedia/ips/14836,MS.IE.COM.Object.Color.Property.DoS
https://www.fortiguard.com/encyclopedia/ips/14829,Nessus.Vulnerability.Scanner.ActiveX.Control.File.Deletion
https://www.fortiguard.com/encyclopedia/ips/14831,VMware.IntraProcessLogging.dll.File.Overwrite
https://www.fortiguard.com/encyclopedia/ips/14817,Data.Dynamics.ActiveReports.ActiveX.Control.SaveLayout.Access
https://www.fortiguard.com/encyclopedia/ips/14809,Trojan.Storm.Worm.HTTP.DoS
https://www.fortiguard.com/encyclopedia/ips/14757,CA.AV.Engine.CAB.Header.Parsing.Buffer.Overflow
https://www.fortiguard.com/encyclopedia/ips/14744,WANewsletter.Waroot.Parameter.File.Inclusion
https://www.fortiguard.com/encyclopedia/ips/14742,Xoops.Horoscope.Module.Footer.PHP.File.Inclusion
https://www.fortiguard.com/encyclopedia/ips/14734,Xoops.Multiple.Modules.SpawControl.Class.PHP.File.Inclusion
https://www.fortiguard.com/encyclopedia/ips/14737,phphtml.PHP.File.Inclusion
https://www.fortiguard.com/encyclopedia/ips/14628,MS.IE.Speech.Engine.ActiveX.Buffer.Overflow
https://www.fortiguard.com/encyclopedia/ips/14601,MS.IE.DHTML.Method.Heap.Memory.Corruption
https://www.fortiguard.com/encyclopedia/ips/14552,TCExam.SessionUserLang.Remote.PHP.Code.Execution
https://www.fortiguard.com/encyclopedia/ips/14549,Zomplog.Remote.File.Disclosure
https://www.fortiguard.com/encyclopedia/ips/14496,Drake.CMS.UI.DTA.PHP.XSS
https://www.fortiguard.com/encyclopedia/ips/14486,PHP.download2.php.FN1.Parameter.Directory.Traversal
https://www.fortiguard.com/encyclopedia/ips/14449,VBE.Document.Property.Buffer.Overflow
https://www.fortiguard.com/encyclopedia/ips/14421,HTTP.Invalid.Content.Length.DoS
https://www.fortiguard.com/encyclopedia/ips/14402,Grandstream.BudgeTone.SIP.DoS
https://www.fortiguard.com/encyclopedia/ips/14405,Open.Educational.System.Remote.File.Inclusion
https://www.fortiguard.com/encyclopedia/ips/14406,PostGuestbook.Header.PHP.Remote.File.Inclusion
https://www.fortiguard.com/encyclopedia/ips/14395,Formbankserver.Abfrage.Remote.File.Disclosure
https://www.fortiguard.com/encyclopedia/ips/14389,HTTP.Critical.File.Download
https://www.fortiguard.com/encyclopedia/ips/14377,SoftiaCom.WMailserver.Buffer.Overflow
https://www.fortiguard.com/encyclopedia/ips/14374,IrayoBlog.Irayofuncs.PHP.Remote.File.Inclusion
https://www.fortiguard.com/encyclopedia/ips/14360,Macromedia.Shockwave.SWDIR.DLL.ActiveX.DoS
https://www.fortiguard.com/encyclopedia/ips/14353,Tcpdump.ISIS.Decoding.Routines.DoS
https://www.fortiguard.com/encyclopedia/ips/14355,Tcpdump.RSVP.Decoding.Routines.DoS
https://www.fortiguard.com/encyclopedia/ips/14343,ACal.Arbitrary.Command.Execution
https://www.fortiguard.com/encyclopedia/ips/14336,Owl.Intranet.Engine.Remote.File.Inclusion
https://www.fortiguard.com/encyclopedia/ips/14338,PAFileDB.Constants.PHP.Remote.File.Inclusion
https://www.fortiguard.com/encyclopedia/ips/14339,PBLang.BBS.Remote.Code.Injection
https://www.fortiguard.com/encyclopedia/ips/14345,PBLang.Lang.NL.PHP.Remote.File.Inclusion
https://www.fortiguard.com/encyclopedia/ips/14346,Pearl.For.Mambo.Module.Remote.File.Inclusion
https://www.fortiguard.com/encyclopedia/ips/14344,Tcpdump.BGP.Decoding.Routines.DoS
https://www.fortiguard.com/encyclopedia/ips/14332,Osprey.GetRecord.PHP.Remote.File.Inclusion
https://www.fortiguard.com/encyclopedia/ips/14334,Ovidentia.Remote.File.Inclusion
https://www.fortiguard.com/encyclopedia/ips/14330,osCommerce.Arbitrary.File.Disclosure
https://www.fortiguard.com/encyclopedia/ips/14326,Orinoco.Residential.Gateway.SNMP.Community.String.Disclosure
https://www.fortiguard.com/encyclopedia/ips/14310,Opera.Nested.Marquee.DoS
https://www.fortiguard.com/encyclopedia/ips/14301,CGI.Sourcecode.Viewing
https://www.fortiguard.com/encyclopedia/ips/14294,KDE.LibkHTML.NodeType.DoS
https://www.fortiguard.com/encyclopedia/ips/14291,MS.Windows.Update.Spoofing
https://www.fortiguard.com/encyclopedia/ips/14292,SSH.Client.Request.Mimicking
https://www.fortiguard.com/encyclopedia/ips/14300,SunKill.Telnet.Daemon.DoS
https://www.fortiguard.com/encyclopedia/ips/14299,Sunfire.Type.of.Service.Attack
https://www.fortiguard.com/encyclopedia/ips/14279,DBGuestBook.DBS.Base.Path.Remote.File.Inclusion
https://www.fortiguard.com/encyclopedia/ips/14284,FCRing.FCRing.PHP.Remote.File.Inclusion
https://www.fortiguard.com/encyclopedia/ips/14280,Firefox.OnUnload.Memory.Corruption
https://www.fortiguard.com/encyclopedia/ips/14277,MS.IE.Mshtml.Dll.Null.Pointer.DoS
https://www.fortiguard.com/encyclopedia/ips/14271,SNMP.XSS.Attempt
https://www.fortiguard.com/encyclopedia/ips/14267,Cisco.SNMPv3.DoS
https://www.fortiguard.com/encyclopedia/ips/14261,MS.IE.J2SE.Applet.Exception.DoS
https://www.fortiguard.com/encyclopedia/ips/14262,OCE.Printer.DoS
https://www.fortiguard.com/encyclopedia/ips/14265,Open.Conference.Systems.Fullpath.Remote.File.Inclusion
https://www.fortiguard.com/encyclopedia/ips/14266,OpenDock.Doc.Directory.Remote.File.Inclusion
https://www.fortiguard.com/encyclopedia/ips/14269,OpenEMR.Srcdir.Remote.File.Inclusion
https://www.fortiguard.com/encyclopedia/ips/14250,MS.IE.Malformed.HTML.File.DoS
https://www.fortiguard.com/encyclopedia/ips/14249,MS.Nslookup.Response.DoS
https://www.fortiguard.com/encyclopedia/ips/14228,HTTP.Malicious.Request.Double.Slash
https://www.fortiguard.com/encyclopedia/ips/14154,IMAP.LIST.Command.Format.String
https://www.fortiguard.com/encyclopedia/ips/14209,MS.IE.Mshtml.Dll.HTML.Parsing.DoS
https://www.fortiguard.com/encyclopedia/ips/14208,MS.IE.Position.CSS.DoS
https://www.fortiguard.com/encyclopedia/ips/14016,MS.Windows.XP.ISAKMP.Port.DoS
https://www.fortiguard.com/encyclopedia/ips/14082,DHCP.Discover.Flood
https://www.fortiguard.com/encyclopedia/ips/14014,AOL.Messenger.Buddy.Icon.DoS
https://www.fortiguard.com/encyclopedia/ips/14047,Command.Line.Executer.Code.Execution
https://www.fortiguard.com/encyclopedia/ips/14006,HTTP.UserAgent.HTML.Injection
https://www.fortiguard.com/encyclopedia/ips/13963,Man2web.Remote.Command.Execution
https://www.fortiguard.com/encyclopedia/ips/13947,Pigeon.Server.DoS
https://www.fortiguard.com/encyclopedia/ips/13812,Web.Scanner.HTML.Injection
https://www.fortiguard.com/encyclopedia/ips/13915,CA.MLink.Command.Line.Buffer.Overflow
https://www.fortiguard.com/encyclopedia/ips/13900,Invision.Board.PHPINFO.PHP.Information.Disclosure
https://www.fortiguard.com/encyclopedia/ips/13911,Loopback.Ping
https://www.fortiguard.com/encyclopedia/ips/13825,Joomla!.com_webring.Remote.File.Inclusion
https://www.fortiguard.com/encyclopedia/ips/13839,Knusperleicht.ShoutBox.Remote.File.Inclusion
https://www.fortiguard.com/encyclopedia/ips/13801,Apache.Directory.Listing
https://www.fortiguard.com/encyclopedia/ips/13728,MS.IE.SpreadSheet.Object.Popup.Blocker.Bypass
https://www.fortiguard.com/encyclopedia/ips/13729,MS.IE.Statusbar.Spoofing
https://www.fortiguard.com/encyclopedia/ips/13708,MS.InternetExplorer.ContentEncoding.BufferOverflow
https://www.fortiguard.com/encyclopedia/ips/13705,Webmin.And.Usermin.Information.Disclosure
https://www.fortiguard.com/encyclopedia/ips/13694,MS.IE.Popup.show.Mouse.Event.Hijacking
https://www.fortiguard.com/encyclopedia/ips/13663,MS.Windows.NAT.Helper.DNS.Query.DoS
https://www.fortiguard.com/encyclopedia/ips/13549,ssh1_traffic
https://www.fortiguard.com/encyclopedia/ips/115408897,ssh1_traffic
https://www.fortiguard.com/encyclopedia/ips/110034945,NBSS.Invalid.Fragment
https://www.fortiguard.com/encyclopedia/ips/13542,NBSS.Invalid.Fragment
https://www.fortiguard.com/encyclopedia/ips/110034946,NBSS.Zero.Sized.PDU
https://www.fortiguard.com/encyclopedia/ips/13543,NBSS.Zero.Sized.PDU
https://www.fortiguard.com/encyclopedia/ips/13460,Mozilla.Thunderbird.IFRAME.JavaScript.Execution
https://www.fortiguard.com/encyclopedia/ips/13496,Sophos.Anti-Virus.CAB.File.Invalid.Folder.Count.Heap.Overflow
https://www.fortiguard.com/encyclopedia/ips/13335,Exim.Verification.Header.Buffer.Overflow
https://www.fortiguard.com/encyclopedia/ips/13346,LibTiff.TIFFFetchData.Integer.Overflow
https://www.fortiguard.com/encyclopedia/ips/13366,MS.IE.HTTPS.ProxyAuthentication.Basic
https://www.fortiguard.com/encyclopedia/ips/13233,MS.ASP.NET.AutoPostBack.XSS
https://www.fortiguard.com/encyclopedia/ips/13232,MS.Exchange.Server.OWA.Script.Injection
https://www.fortiguard.com/encyclopedia/ips/13200,GNU.Mailman.Large.Date.DoS
https://www.fortiguard.com/encyclopedia/ips/13204,Linux.Kernel.ICMP.Packet.Handling.DoS
https://www.fortiguard.com/encyclopedia/ips/12679,ASP.Chunked.Transfer.Encoding
https://www.fortiguard.com/encyclopedia/ips/12442,ASP.Data.File.Access
https://www.fortiguard.com/encyclopedia/ips/12499,AWStats.Configdir.Remote.Command.Execution
https://www.fortiguard.com/encyclopedia/ips/12644,Apache.IPv6.Buffer.Overflow
https://www.fortiguard.com/encyclopedia/ips/13023,Apple.FileServer.FPLoginExt.Pathname.Buffer.Overflow
https://www.fortiguard.com/encyclopedia/ips/13109,Community.Overflow.161
https://www.fortiguard.com/encyclopedia/ips/13118,DNS.Invalid.Parameter
https://www.fortiguard.com/encyclopedia/ips/8912909,DNS.Invalid.Parameter
https://www.fortiguard.com/encyclopedia/ips/12966,DNS.Invalid.Pointer
https://www.fortiguard.com/encyclopedia/ips/8912898,DNS.Invalid.Pointer
https://www.fortiguard.com/encyclopedia/ips/12717,DNS.Name.Overflow
https://www.fortiguard.com/encyclopedia/ips/8912901,DNS.Name.Overflow
https://www.fortiguard.com/encyclopedia/ips/12265,Escape.Executable
https://www.fortiguard.com/encyclopedia/ips/12387,FTP.Illegal.Port
https://www.fortiguard.com/encyclopedia/ips/109445132,FTP.Illegal.Port
https://www.fortiguard.com/encyclopedia/ips/12782,FTP.LIST.Directory.Traversal
https://www.fortiguard.com/encyclopedia/ips/12654,FTP.Protocol.Bounce.Attack
https://www.fortiguard.com/encyclopedia/ips/109445133,FTP.Protocol.Bounce.Attack
https://www.fortiguard.com/encyclopedia/ips/12903,FTP.RETR.2xBSDot
https://www.fortiguard.com/encyclopedia/ips/13056,Fpcount.Access
https://www.fortiguard.com/encyclopedia/ips/107347977,HTTP.Null.Session
https://www.fortiguard.com/encyclopedia/ips/13063,HTTP.Null.Session
https://www.fortiguard.com/encyclopedia/ips/12620,HTTP.Request.Smuggling
https://www.fortiguard.com/encyclopedia/ips/107347979,HTTP.Request.Smuggling
https://www.fortiguard.com/encyclopedia/ips/12880,ICMP.Oversized.Packet
https://www.fortiguard.com/encyclopedia/ips/13116,IISsamples.ISSamples.Access
https://www.fortiguard.com/encyclopedia/ips/109379592,IMAP.Long.User.Name
https://www.fortiguard.com/encyclopedia/ips/12416,IMAP.Long.User.Name
https://www.fortiguard.com/encyclopedia/ips/12881,IMAP.Mailbox.Name.Overly.Long
https://www.fortiguard.com/encyclopedia/ips/109379594,IMAP.Mailbox.Name.Overly.Long
https://www.fortiguard.com/encyclopedia/ips/109379591,IMAP.TAG.Overflow
https://www.fortiguard.com/encyclopedia/ips/12569,IMAP.TAG.Overflow
https://www.fortiguard.com/encyclopedia/ips/109379587,IMAP.Unknown.Command
https://www.fortiguard.com/encyclopedia/ips/12617,IMAP.Unknown.Command
https://www.fortiguard.com/encyclopedia/ips/12381,IMAP.Unknown.Reply
https://www.fortiguard.com/encyclopedia/ips/109379588,IMAP.Unknown.Reply
https://www.fortiguard.com/encyclopedia/ips/12588,IP.Land
https://www.fortiguard.com/encyclopedia/ips/13047,LDAP.Invalid.Encoding
https://www.fortiguard.com/encyclopedia/ips/109838342,LDAP.Invalid.Encoding
https://www.fortiguard.com/encyclopedia/ips/12240,LongSlash
https://www.fortiguard.com/encyclopedia/ips/12426,MS.Exchange.GAL.Disclosure
https://www.fortiguard.com/encyclopedia/ips/12589,MS.IE.DragAndDrop.Content.Disposition
https://www.fortiguard.com/encyclopedia/ips/12992,MS.IE.Dynamic.IFRAME.Security.Warning.Bypass
https://www.fortiguard.com/encyclopedia/ips/13079,MS.IIS.Configuration.File.Information.Disclosure
https://www.fortiguard.com/encyclopedia/ips/13019,MS.IIS.Header.Delimiter.Parsing.Buffer.Overflow
https://www.fortiguard.com/encyclopedia/ips/12709,MS.IIS.IISadmpwd.HTR.File.Access.Security.Bypass
https://www.fortiguard.com/encyclopedia/ips/12758,MS.IIS.IndexServer.Disclosure
https://www.fortiguard.com/encyclopedia/ips/12894,MS.ISAPI.W3Who.DLL.Access
https://www.fortiguard.com/encyclopedia/ips/109772801,MS.SQL.Auth.Overflow
https://www.fortiguard.com/encyclopedia/ips/12976,MS.SQL.Auth.Overflow
https://www.fortiguard.com/encyclopedia/ips/12401,MS.SQL.Login.Brute.Force
https://www.fortiguard.com/encyclopedia/ips/109772808,MS.SQL.Login.Brute.Force
https://www.fortiguard.com/encyclopedia/ips/109772807,MS.SQL.Server.Empty.Password
https://www.fortiguard.com/encyclopedia/ips/12137,MS.SQL.Server.Empty.Password
https://www.fortiguard.com/encyclopedia/ips/12209,MS.SQL.Server.XP.Command.Execution
https://www.fortiguard.com/encyclopedia/ips/12559,MS.Windows.Domain.Controller.LDAP.DoS
https://www.fortiguard.com/encyclopedia/ips/13111,MS.Windows.Media.Player.ActiveX.Insecure.Method.Access
https://www.fortiguard.com/encyclopedia/ips/12926,MS.Windows.SSL.Library.SSLBomb.DoS
https://www.fortiguard.com/encyclopedia/ips/13020,MS.Windows.WinHlp.Buffer.Overflow
https://www.fortiguard.com/encyclopedia/ips/13058,Mode.Debug
https://www.fortiguard.com/encyclopedia/ips/13014,NT.NULL.Session
https://www.fortiguard.com/encyclopedia/ips/12130,Oracle9i.XDB.FTP.Pass.Overflow
https://www.fortiguard.com/encyclopedia/ips/12699,PHP.Remote.File.Inclusion
https://www.fortiguard.com/encyclopedia/ips/109248521,POP3.Argument.Overly.Long
https://www.fortiguard.com/encyclopedia/ips/12463,POP3.Argument.Overly.Long
https://www.fortiguard.com/encyclopedia/ips/109248520,POP3.Command.Overflow
https://www.fortiguard.com/encyclopedia/ips/12981,POP3.Command.Overflow
https://www.fortiguard.com/encyclopedia/ips/12799,POP3.Unknown.Command
https://www.fortiguard.com/encyclopedia/ips/109248516,POP3.Unknown.Command
https://www.fortiguard.com/encyclopedia/ips/12531,PPTP.Negative.Read.BufferOveflow
https://www.fortiguard.com/encyclopedia/ips/107610115,RPC.Fragment.Overflow
https://www.fortiguard.com/encyclopedia/ips/12946,RPC.Fragment.Overflow
https://www.fortiguard.com/encyclopedia/ips/12764,SMTP.CMD.Overflow
https://www.fortiguard.com/encyclopedia/ips/109314056,SMTP.CMD.Overflow
https://www.fortiguard.com/encyclopedia/ips/12839,SMTP.Unknown.Command
https://www.fortiguard.com/encyclopedia/ips/109314052,SMTP.Unknown.Command
https://www.fortiguard.com/encyclopedia/ips/12684,SNMP.Restricted.OID
https://www.fortiguard.com/encyclopedia/ips/294191112,SNMP.Restricted.OID
https://www.fortiguard.com/encyclopedia/ips/294191108,SNMP.v1.Spec.Violation
https://www.fortiguard.com/encyclopedia/ips/12628,SNMP.v1.Spec.Violation
https://www.fortiguard.com/encyclopedia/ips/12772,ServerVariables_Jscript.asp.Access
https://www.fortiguard.com/encyclopedia/ips/108658691,TCP.Bad.Option.Length
https://www.fortiguard.com/encyclopedia/ips/12650,TCP.Bad.Option.Length
https://www.fortiguard.com/encyclopedia/ips/107937798,TCP.Data.On.SYN
https://www.fortiguard.com/encyclopedia/ips/12276,TCP.Data.On.SYN
https://www.fortiguard.com/encyclopedia/ips/12766,TCP.PORT0
https://www.fortiguard.com/encyclopedia/ips/12729,TCP.Stealth.Activity
https://www.fortiguard.com/encyclopedia/ips/107937794,TCP.Stealth.Activity
https://www.fortiguard.com/encyclopedia/ips/12934,TCP.TTL.Evasion
https://www.fortiguard.com/encyclopedia/ips/107937801,TCP.TTL.Evasion
https://www.fortiguard.com/encyclopedia/ips/12932,TRACK.Requests
https://www.fortiguard.com/encyclopedia/ips/12939,Talentsoft.WebPlus.InternalIP.Disclosure
https://www.fortiguard.com/encyclopedia/ips/12488,Tcpdump.ISAKMP.Integer.Overflow
https://www.fortiguard.com/encyclopedia/ips/12363,Telnet.Remote.Root.Login
https://www.fortiguard.com/encyclopedia/ips/12863,Topic.Calendar.calendar_scheduler.XSS
https://www.fortiguard.com/encyclopedia/ips/12466,Traceroute
https://www.fortiguard.com/encyclopedia/ips/12525,UDP.PORT0
https://www.fortiguard.com/encyclopedia/ips/12779,Walksam.Admin.Scan.139
https://www.fortiguard.com/encyclopedia/ips/12475,Web.cgi-bin.Access
https://www.fortiguard.com/encyclopedia/ips/12357,Winnuke.RPC
https://www.fortiguard.com/encyclopedia/ips/12884,WuFTP.SITE.EXEC.Attempt
https://www.fortiguard.com/encyclopedia/ips/294191109,bad_data_length
https://www.fortiguard.com/encyclopedia/ips/12785,bad_data_length
https://www.fortiguard.com/encyclopedia/ips/294191105,indefinite_length
https://www.fortiguard.com/encyclopedia/ips/12344,indefinite_length
https://www.fortiguard.com/encyclopedia/ips/294191106,invalid_length
https://www.fortiguard.com/encyclopedia/ips/12730,invalid_length
https://www.fortiguard.com/encyclopedia/ips/12736,oversized_item
https://www.fortiguard.com/encyclopedia/ips/294191107,oversized_item
https://www.fortiguard.com/encyclopedia/ips/8912900,oversized_msg
https://www.fortiguard.com/encyclopedia/ips/13091,oversized_msg
https://www.fortiguard.com/encyclopedia/ips/12750,phpCMS.Parser.XSS
https://www.fortiguard.com/encyclopedia/ips/12283,vBulletin.misc.Arbitrary.PHP.Code.Execution
https://www.fortiguard.com/encyclopedia/ips/109314058,vrfy_cmd
https://www.fortiguard.com/encyclopedia/ips/12866,vrfy_cmd
https://www.fortiguard.com/encyclopedia/ips/13129,IKE.Exchange.DoS.Version
https://www.fortiguard.com/encyclopedia/ips/13155,Libextractor.Asfextractor.Heap.Buffer.Overflow
https://www.fortiguard.com/encyclopedia/ips/12125,MailEnable.SMTP.Request.Format.String
https://www.fortiguard.com/encyclopedia/ips/12124,Teardrop.Bonk.DoS
https://www.fortiguard.com/encyclopedia/ips/12098,MS.IE.MHTML.URI.Shortcut.Buffer.Overflow
https://www.fortiguard.com/encyclopedia/ips/12089,BMP.File.Width.Height.Buffer.Overflow
https://www.fortiguard.com/encyclopedia/ips/12088,FTP.RETR.PASSWD
https://www.fortiguard.com/encyclopedia/ips/12085,MS.IE.OVCtl.NewDefaultItem.DoS
https://www.fortiguard.com/encyclopedia/ips/12069,Tomcat.Ajp12.Shutdown.Attempt
https://www.fortiguard.com/encyclopedia/ips/12056,MS.IE.DirectX.Image.Transform.Object.DoS
https://www.fortiguard.com/encyclopedia/ips/12048,MS.IE.DXTFilter.DoS
https://www.fortiguard.com/encyclopedia/ips/12042,MS.Office.Document.Handling.Code.Execution
https://www.fortiguard.com/encyclopedia/ips/12040,Iaxclient.Truncated.IAX.Frames.Overflow
https://www.fortiguard.com/encyclopedia/ips/12033,MS.IE.Table.Frameset.DoS
https://www.fortiguard.com/encyclopedia/ips/12032,MS.IE.StructuredGraphics.DoS
https://www.fortiguard.com/encyclopedia/ips/12001,MS.Windows.RPC.REMACT.Service.Access
https://www.fortiguard.com/encyclopedia/ips/11931,ISC.BIND.InverseQuery.Overflow
https://www.fortiguard.com/encyclopedia/ips/11925,OpenSSL.ASN.1.Double.Free
https://www.fortiguard.com/encyclopedia/ips/11894,Horde.Eval.Poor.Input.Validation
https://www.fortiguard.com/encyclopedia/ips/11861,ShixxNOTE6.net.Remote.Buffer.Overflow
https://www.fortiguard.com/encyclopedia/ips/11850,MS.Windows.RDS.Dataspace.ActiveX.Access
https://www.fortiguard.com/encyclopedia/ips/11787,IRIX.lpsched.Shell.Metacharacter.Command.Execution
https://www.fortiguard.com/encyclopedia/ips/11750,Apple.Mail.x-unix-mode.Mail.Attachment.Command.Execution
https://www.fortiguard.com/encyclopedia/ips/11744,MS.Windows.Printing.Service.DoS
https://www.fortiguard.com/encyclopedia/ips/11736,MS.Windows.Media.Player.plugin.Buffer.Overflow
https://www.fortiguard.com/encyclopedia/ips/11732,Golden.FTPD.APPE.Stack.Overflow
https://www.fortiguard.com/encyclopedia/ips/11691,HTTP.Header.Value.Format.String
https://www.fortiguard.com/encyclopedia/ips/11624,Apple.QuickTime.Multiple.Integer.Overflow
https://www.fortiguard.com/encyclopedia/ips/11592,Google.Appliance.ProxyStyleSheet.Command.Execution
https://www.fortiguard.com/encyclopedia/ips/11518,ICCP.Invalid.OSI.SSEL.Refuse.PDU
https://www.fortiguard.com/encyclopedia/ips/11496,CVS.Malformed.Entry.Modified.Heap.Overflow
https://www.fortiguard.com/encyclopedia/ips/11372,Admin.PHP.Upload
https://www.fortiguard.com/encyclopedia/ips/11368,MS.IE.Control.Status.Bar.Spoofing
https://www.fortiguard.com/encyclopedia/ips/11311,phpMyAdmin.Error.php.XSS
https://www.fortiguard.com/encyclopedia/ips/11304,Wzdftpd.SITE.Arbitrary.Command.Execution
https://www.fortiguard.com/encyclopedia/ips/11248,Ethereal.Dissector.Buffer.Overflow
https://www.fortiguard.com/encyclopedia/ips/11218,MS.Windows.MSDTC.BuildContextW.Memory.Corruption
https://www.fortiguard.com/encyclopedia/ips/11212,MS.SQL.Server.Resolution.Service.Heap.Overflow
https://www.fortiguard.com/encyclopedia/ips/10970,MS.IE.ActiveX.Eyedog.Access
https://www.fortiguard.com/encyclopedia/ips/10983,MS.IE.ActiveX.Image.Control.Access
https://www.fortiguard.com/encyclopedia/ips/10998,MS.IE.Kodak.Image.Scan.ActiveX.Object.Access
https://www.fortiguard.com/encyclopedia/ips/10985,MS.IE.MSN.Heartbeat.ActiveX.Object.Access
https://www.fortiguard.com/encyclopedia/ips/11009,MS.IE.MsnPUpld.ActiveX.Control.Access
https://www.fortiguard.com/encyclopedia/ips/10977,MS.IE.MultimediaFile.PropertySheet.ActiveX.Object.Access
https://www.fortiguard.com/encyclopedia/ips/10989,MS.IE.Registration.Wizard.Buffer.Overflow
https://www.fortiguard.com/encyclopedia/ips/10969,MS.IE.System.Monitor.ActiveX.Object.DoS
https://www.fortiguard.com/encyclopedia/ips/10963,Tcpdump.LDP.Print.Zero.Length.Message.UDP.DoS
https://www.fortiguard.com/encyclopedia/ips/10950,MS.IIS.Server.Name.Spoofing
https://www.fortiguard.com/encyclopedia/ips/10900,Harber.Listen.exe.Exploit
https://www.fortiguard.com/encyclopedia/ips/10905,Icecast.Base64.Authorization.DoS
https://www.fortiguard.com/encyclopedia/ips/10904,MS.RPC.Spoolss.Buffer.Overflow
https://www.fortiguard.com/encyclopedia/ips/10901,MailEnable.Login.Stack.Overflow
https://www.fortiguard.com/encyclopedia/ips/10870,Sun.Solaris.Kodak.KCMS.Directory.Traversal
https://www.fortiguard.com/encyclopedia/ips/10837,Arkeia.Long.Request.Stack.Overflow
https://www.fortiguard.com/encyclopedia/ips/10838,CGI.SiteInteractive.Setup.PL.Arbitrary.Command.Execution
https://www.fortiguard.com/encyclopedia/ips/10825,CGI.CHETCPASSWD.Shadow.File.Disclosure
https://www.fortiguard.com/encyclopedia/ips/10800,Pro.GateKeeper.Web.Proxy.Buffer.Overflow
https://www.fortiguard.com/encyclopedia/ips/10779,Apache.Cocoon.Directory.Traversal
https://www.fortiguard.com/encyclopedia/ips/10572,AOLserver.Directory.Traversal
https://www.fortiguard.com/encyclopedia/ips/10511,ActivePerl.PerlIS.dll.Remote.Buffer.Overflow
https://www.fortiguard.com/encyclopedia/ips/10614,CGI.CSLiveSupport.Remote.Command.Execution
https://www.fortiguard.com/encyclopedia/ips/10617,CGI.CSNews.Remote.Command.Execution
https://www.fortiguard.com/encyclopedia/ips/10732,HTTP.Host.Header.Buffer.Overflow
https://www.fortiguard.com/encyclopedia/ips/10594,MS.DirectX.DirectShow.Buffer.Overflow
https://www.fortiguard.com/encyclopedia/ips/10556,MS.IE.DBCS.Address.Bar.Spoofing
https://www.fortiguard.com/encyclopedia/ips/10539,MS.IE.HTML.Same.Origin.Policy.Violation
https://www.fortiguard.com/encyclopedia/ips/10758,Oracle.Net.Services.Listener.DoS
https://www.fortiguard.com/encyclopedia/ips/10725,Oracle9i.TNS.OneByte.DoS
https://www.fortiguard.com/encyclopedia/ips/10711,SAP.Internet.Transaction.Server.Information.Disclosure
https://www.fortiguard.com/encyclopedia/ips/10593,SalesLogix.Sensitive.Information.Disclosure
https://www.fortiguard.com/encyclopedia/ips/10494,Webpage.Link.Hostname.Overly.Long
https://www.fortiguard.com/encyclopedia/ips/10643,cPanel.Multiple.Script.XSS
https://www.fortiguard.com/encyclopedia/ips/10462,FTP.NLST.Directory.Traversal
https://www.fortiguard.com/encyclopedia/ips/10444,MS.Windows.2000.LANMAN.DoS
https://www.fortiguard.com/encyclopedia/ips/10403,MS.Windows.XP.HCP.URI.Handler.Arbitrary.Command.Execution
https://www.fortiguard.com/encyclopedia/ips/10367,Naxtor.Edirectory.Message.ASP.XSS
https://www.fortiguard.com/encyclopedia/ips/10361,PHP.FlatNuke.XSS
https://www.fortiguard.com/encyclopedia/ips/10378,SMTP.RCPT.TO.Command.Buffer.Overflow
https://www.fortiguard.com/encyclopedia/ips/10347,MS.SQL.Server.SQLXML.Buffer.Overflow
https://www.fortiguard.com/encyclopedia/ips/10339,Oracle.Reports.Server.Arbitrary.File.Disclosure
https://www.fortiguard.com/encyclopedia/ips/10328,MS.SQL.Server.Resolution.Service.Stack.Overflow
https://www.fortiguard.com/encyclopedia/ips/10174,3Com.3CDaemon.FTP.Server.Information.Disclosure
https://www.fortiguard.com/encyclopedia/ips/10135,Veritas.Backup.Exec.Agent.Invalid.Error.Status.DoS
https://www.fortiguard.com/encyclopedia/ips/10092,MS.Telnet.Client.Remote.Information.Disclosure
https://www.fortiguard.com/encyclopedia/ips/10041,ISC.DHCPD.Hostname.Buffer.Overflow
https://www.fortiguard.com/encyclopedia/ips/10018,Oracle9i.XDB.FTP.Unlock.Overflow
